Year,Множитель,Series,Units,Value
2010,Единицы,"Темп роста (снижения) ВВП, в процентах к  предыдущему году",Процент,99.5
2011,Единицы,"Темп роста (снижения) ВВП, в процентах к  предыдущему году",Процент,106.0
2012,Единицы,"Темп роста (снижения) ВВП, в процентах к  предыдущему году",Процент,99.9
2013,Единицы,"Темп роста (снижения) ВВП, в процентах к  предыдущему году",Процент,110.9
2014,Единицы,"Темп роста (снижения) ВВП, в процентах к  предыдущему году",Процент,104.0
2015,Единицы,"Темп роста (снижения) ВВП, в процентах к  предыдущему году",Процент,103.9
2016,Единицы,"Темп роста (снижения) ВВП, в процентах к  предыдущему году",Процент,104.3
2017,Единицы,"Темп роста (снижения) ВВП, в процентах к  предыдущему году",Процент,104.7
2018,Единицы,"Темп роста (снижения) ВВП, в процентах к  предыдущему году",Процент,103.8
2010,Единицы,"Индекс потребительских цен, в поцентах к предыдущему году",Процент,108.0
2011,Единицы,"Индекс потребительских цен, в поцентах к предыдущему году",Процент,116.6
2012,Единицы,"Индекс потребительских цен, в поцентах к предыдущему году",Процент,102.8
2013,Единицы,"Индекс потребительских цен, в поцентах к предыдущему году",Процент,106.6
2014,Единицы,"Индекс потребительских цен, в поцентах к предыдущему году",Процент,107.5
2015,Единицы,"Индекс потребительских цен, в поцентах к предыдущему году",Процент,106.5
2016,Единицы,"Индекс потребительских цен, в поцентах к предыдущему году",Процент,100.4
2017,Единицы,"Индекс потребительских цен, в поцентах к предыдущему году",Процент,103.2
2018,Единицы,"Индекс потребительских цен, в поцентах к предыдущему году",Процент,101.5
2019,Единицы,"Индекс потребительских цен, в поцентах к предыдущему году",Процент,101.1
2010,Единицы,"Индекс цен производителей, в поцентах к предыдущему году",Процент,122.79
2011,Единицы,"Индекс цен производителей, в поцентах к предыдущему году",Процент,122.02
2012,Единицы,"Индекс цен производителей, в поцентах к предыдущему году",Процент,105.3
2013,Единицы,"Индекс цен производителей, в поцентах к предыдущему году",Процент,97.92
2014,Единицы,"Индекс цен производителей, в поцентах к предыдущему году",Процент,101.45
2015,Единицы,"Индекс цен производителей, в поцентах к предыдущему году",Процент,108.75
2016,Единицы,"Индекс цен производителей, в поцентах к предыдущему году",Процент,106.41
2017,Единицы,"Индекс цен производителей, в поцентах к предыдущему году",Процент,101.66
2018,Единицы,"Индекс цен производителей, в поцентах к предыдущему году",Процент,101.49
2019,Единицы,"Индекс цен производителей, в поцентах к предыдущему году",Процент,104.1
2010,Миллионы,"Дефицит государственного бюджета и источники его финансирования, млн сомов",Местная валюта,-10767.9787
2011,Миллионы,"Дефицит государственного бюджета и источники его финансирования, млн сомов",Местная валюта,-13663.7111
2012,Миллионы,"Дефицит государственного бюджета и источники его финансирования, млн сомов",Местная валюта,-20232.3134
2013,Миллионы,"Дефицит государственного бюджета и источники его финансирования, млн сомов",Местная валюта,-2330.4823
2014,Миллионы,"Дефицит государственного бюджета и источники его финансирования, млн сомов",Местная валюта,-1875.5431
2015,Миллионы,"Дефицит государственного бюджета и источники его финансирования, млн сомов",Местная валюта,-6149.3213
2016,Миллионы,"Дефицит государственного бюджета и источники его финансирования, млн сомов",Местная валюта,-20888.9124
2017,Миллионы,"Дефицит государственного бюджета и источники его финансирования, млн сомов",Местная валюта,-16476.1602
2018,Миллионы,"Дефицит государственного бюджета и источники его финансирования, млн сомов",Местная валюта,-6188.9008
2019,Миллионы,"Дефицит государственного бюджета и источники его финансирования, млн сомов",Местная валюта,-431.7092
2010,Миллионы,"Объем государственного долга, млн сомов",Местная валюта,7667.4055
2011,Миллионы,"Объем государственного долга, млн сомов",Местная валюта,9394.668149
2012,Миллионы,"Объем государственного долга, млн сомов",Местная валюта,11440.61056
2013,Миллионы,"Объем государственного долга, млн сомов",Местная валюта,13939.58569
2014,Миллионы,"Объем государственного долга, млн сомов",Местная валюта,13713.456934
2015,Миллионы,"Объем государственного долга, млн сомов",Местная валюта,14364.3936
2016,Миллионы,"Объем государственного долга, млн сомов",Местная валюта,20698.734025
2017,Миллионы,"Объем государственного долга, млн сомов",Местная валюта,20620.48082
2018,Миллионы,"Объем государственного долга, млн сомов",Местная валюта,23747.690011
2010,Единицы,"Внешеторговый оборот, в процентах к предыдущему году",Процент,105.6
2011,Единицы,"Внешеторговый оборот, в процентах к предыдущему году",Процент,130.62446
2012,Единицы,"Внешеторговый оборот, в процентах к предыдущему году",Процент,115.384261
2013,Единицы,"Внешеторговый оборот, в процентах к предыдущему году",Процент,106.528605
2014,Единицы,"Внешеторговый оборот, в процентах к предыдущему году",Процент,95.30386
2015,Единицы,"Внешеторговый оборот, в процентах к предыдущему году",Процент,73.989322
2016,Единицы,"Внешеторговый оборот, в процентах к предыдущему году",Процент,98.878752
2017,Единицы,"Внешеторговый оборот, в процентах к предыдущему году",Процент,112.297259
2018,Единицы,"Внешеторговый оборот, в процентах к предыдущему году",Процент,113.896789
2010,Миллионы,"Экспорт, млн. долларов США",Доллар США,1755.9245
2011,Миллионы,"Экспорт, млн. долларов США",Доллар США,2242.1664
2012,Миллионы,"Экспорт, млн. долларов США",Доллар США,1927.6232
2013,Миллионы,"Экспорт, млн. долларов США",Доллар США,2006.8497
2014,Миллионы,"Экспорт, млн. долларов США",Доллар США,1883.733456
2015,Миллионы,"Экспорт, млн. долларов США",Доллар США,1482.942034
2016,Миллионы,"Экспорт, млн. долларов США",Доллар США,1573.21493
2017,Миллионы,"Экспорт, млн. долларов США",Доллар США,1764.254644
2018,Миллионы,"Экспорт, млн. долларов США",Доллар США,1836.838696
2010,Миллионы,"Импорт, млн. долларов США",Доллар США,3222.772182
2011,Миллионы,"Импорт, млн. долларов США",Доллар США,4261.226418
2012,Миллионы,"Импорт, млн. долларов США",Доллар США,5576.264131
2013,Миллионы,"Импорт, млн. долларов США",Доллар США,5986.983003
2014,Миллионы,"Импорт, млн. долларов США",Доллар США,5734.703808
2015,Миллионы,"Импорт, млн. долларов США",Доллар США,4153.86051
2016,Миллионы,"Импорт, млн. долларов США",Доллар США,4000.442107
2017,Миллионы,"Импорт, млн. долларов США",Доллар США,4494.728178
2018,Миллионы,"Импорт, млн. долларов США",Доллар США,5291.945776
